{
  "HTTP Request-1" : {
    "transaction" : "HTTP Request-1",
    "sampleCount" : 2,
    "errorCount" : 0,
    "errorPct" : 0.0,
    "meanResTime" : 1536.5,
    "medianResTime" : 1536.5,
    "minResTime" : 1381.0,
    "maxResTime" : 1692.0,
    "pct1ResTime" : 1692.0,
    "pct2ResTime" : 1692.0,
    "pct3ResTime" : 1692.0,
    "throughput" : 1.1820330969267139,
    "receivedKBytesPerSec" : 34.73261118498818,
    "sentKBytesPerSec" : 0.13159352836879434
  },
  "Total" : {
    "transaction" : "Total",
    "sampleCount" : 6,
    "errorCount" : 0,
    "errorPct" : 0.0,
    "meanResTime" : 1120.5,
    "medianResTime" : 1420.0,
    "minResTime" : 78.0,
    "maxResTime" : 1904.0,
    "pct1ResTime" : 1904.0,
    "pct2ResTime" : 1904.0,
    "pct3ResTime" : 1904.0,
    "throughput" : 3.1512605042016806,
    "receivedKBytesPerSec" : 62.953404017857146,
    "sentKBytesPerSec" : 0.467765231092437
  },
  "HTTP Request-0" : {
    "transaction" : "HTTP Request-0",
    "sampleCount" : 2,
    "errorCount" : 0,
    "errorPct" : 0.0,
    "meanResTime" : 143.5,
    "medianResTime" : 143.5,
    "minResTime" : 78.0,
    "maxResTime" : 209.0,
    "pct1ResTime" : 209.0,
    "pct2ResTime" : 209.0,
    "pct3ResTime" : 209.0,
    "throughput" : 3.898635477582846,
    "receivedKBytesPerSec" : 2.269127680311891,
    "sentKBytesPerSec" : 0.4340277777777778
  },
  "HTTP Request" : {
    "transaction" : "HTTP Request",
    "sampleCount" : 2,
    "errorCount" : 0,
    "errorPct" : 0.0,
    "meanResTime" : 1681.5,
    "medianResTime" : 1681.5,
    "minResTime" : 1459.0,
    "maxResTime" : 1904.0,
    "pct1ResTime" : 1904.0,
    "pct2ResTime" : 1904.0,
    "pct3ResTime" : 1904.0,
    "throughput" : 1.050420168067227,
    "receivedKBytesPerSec" : 31.476702008928573,
    "sentKBytesPerSec" : 0.2338826155462185
  }
}